Title,Price,Supplier,Supplier Info (Years & Location),Contact Name,Email,Phone,Image URL
Blé,"150,00-250,00 $US",SAO MARTINHO,"2 Ans
US Fournisseur",N/A,N/A,N/A,https://s.alicdn.com/@sc04/kf/A005ee3134f17438ba814efc8ed788095C.jpg_300x300.jpg
Blé,"150,00-250,00 $US",SAO MARTINHO,"2 Ans
US Fournisseur",N/A,N/A,N/A,N/A
Blé dur biologique pur de haute qualité grains de blé entier tendre à vendre à bas prix de gros pour l'alimentation humaine et animale,"150,00 $US",Zestco Inc,"3 Ans
CA Fournisseur",N/A,N/A,N/A,https://s.alicdn.com/@sc04/kf/A2cbedca96f6442c7b5a7f6de5970aa27y.jpg_300x300.jpg
Blé dur biologique pur de haute qualité grains de blé entier tendre à vendre à bas prix de gros pour l'alimentation humaine et animale,"150,00 $US",Zestco Inc,"3 Ans
CA Fournisseur",N/A,N/A,N/A,N/A
"Aliments pour blé flocons dernier qualité, 50Kg, emballage fibre de blé, célèbre qualité, vente en gros","100,00-150,00 $US",Easy Trade Service GmbH,"4 Ans
DE Fournisseur",N/A,N/A,N/A,https://s.alicdn.com/@sc04/kf/Ub6dbaaf2c0994d14bf31a4e42e6b5137W.jpg_300x300.jpg
"Aliments pour blé flocons dernier qualité, 50Kg, emballage fibre de blé, célèbre qualité, vente en gros","100,00-150,00 $US",Easy Trade Service GmbH,"4 Ans
DE Fournisseur",N/A,N/A,N/A,N/A
Quantité disponible Grains de blé entier biologique de la meilleure qualité à vendre à bas prix Grains de blé entier biologique en gros,"220,00-350,00 $US",CeFa Import & Export BV,"1 an
NL Fournisseur",N/A,N/A,N/A,https://s.alicdn.com/@sc04/kf/A34df788d89cd4e80af6843e503d29a81s.jpg_300x300.jpg
Quantité disponible Grains de blé entier biologique de la meilleure qualité à vendre à bas prix Grains de blé entier biologique en gros,"220,00-350,00 $US",CeFa Import & Export BV,"1 an
NL Fournisseur",N/A,N/A,N/A,N/A
Fabricant de blé à vendre chaud vendant du blé en vrac,"0,18 $US","Guangzhou Xin Liang Nian Agricultural Produce Co., Ltd.","1 an
CN Fournisseur",N/A,N/A,N/A,https://s.alicdn.com/@sc04/kf/H8e91c7a5829c479ebb3f9c6e0b2e4cb2P.jpg_300x300.jpg
Fabricant de blé à vendre chaud vendant du blé en vrac,"0,18 $US","Guangzhou Xin Liang Nian Agricultural Produce Co., Ltd.","1 an
CN Fournisseur",N/A,N/A,N/A,N/A
Fournisseur en gros vendant du blé/blé grain biologique 100% de qualité supérieure à bas prix,"80,00 $US",DRY COLOR TRADING COMPANY LTDA,"2 Ans
BR Fournisseur",N/A,N/A,N/A,https://s.alicdn.com/@sc04/kf/A4d9bb824ed794318bb3a8fa39d852a55H.png_300x300.png
Fournisseur en gros vendant du blé/blé grain biologique 100% de qualité supérieure à bas prix,"80,00 $US",DRY COLOR TRADING COMPANY LTDA,"2 Ans
BR Fournisseur",N/A,N/A,N/A,N/A
"Grain de blé en vrac/blé de haute qualité, grain de nutrition entier pour l'exportation des États-Unis","100,00-200,00 $US",AB Trillium Trading LLC,"2 Ans
US Fournisseur",N/A,N/A,N/A,https://s.alicdn.com/@sc04/kf/A68844be8ecf84da99874cd5e1f6421d8p.jpg_300x300.jpg
"Grain de blé en vrac/blé de haute qualité, grain de nutrition entier pour l'exportation des États-Unis","100,00-200,00 $US",AB Trillium Trading LLC,"2 Ans
US Fournisseur",N/A,N/A,N/A,N/A
"Grain de blé en vrac/blé de haute qualité, grain de nutrition entier pour l'exportation du meilleur prix du marché","100,00-120,00 $US","SUPANSA TRADER CO.,LTD","8 Ans
TH Fournisseur",N/A,N/A,N/A,https://s.alicdn.com/@sc04/kf/A38d69bb1bdb1433b9d3f01fd4dcf34ee5.jpg_300x300.jpg
"Grain de blé en vrac/blé de haute qualité, grain de nutrition entier pour l'exportation du meilleur prix du marché","100,00-120,00 $US","SUPANSA TRADER CO.,LTD","8 Ans
TH Fournisseur",N/A,N/A,N/A,N/A
Meilleure farine de blé à pain de qualité supérieure à vendre,"0,22-0,85 $US",GLOBESOX AGRIVET TRADING,"1 an
PH Fournisseur",N/A,N/A,N/A,https://s.alicdn.com/@sc04/kf/Aa582c0f1f0704485bdfe023aae91d1ced.jpg_300x300.jpg
Meilleure farine de blé à pain de qualité supérieure à vendre,"0,22-0,85 $US",GLOBESOX AGRIVET TRADING,"1 an
PH Fournisseur",N/A,N/A,N/A,N/A
"Grain de blé en vrac/blé de haute qualité, grain de nutrition entier pour l'exportation depuis l'ukraine","100,00-150,00 $US",AGRI Trade Commodities GmbH,"3 Ans
AT Fournisseur",N/A,N/A,N/A,https://s.alicdn.com/@sc04/kf/A584baba144ae4835b1810b0875b4f930b.jpg_300x300.jpg
"Grain de blé en vrac/blé de haute qualité, grain de nutrition entier pour l'exportation depuis l'ukraine","100,00-150,00 $US",AGRI Trade Commodities GmbH,"3 Ans
AT Fournisseur",N/A,N/A,N/A,N/A
Grains de blé entier biologique à vendre à bas prix Grains de blé entier biologique à vendre à bas prix,"120,00-180,00 $US",Daystar Trade Inc,"1 an
CA Fournisseur",N/A,N/A,N/A,https://s.alicdn.com/@sc04/kf/Ac7fd5287a298475abc138c315aa4082aj.jpg_300x300.jpg
Grains de blé entier biologique à vendre à bas prix Grains de blé entier biologique à vendre à bas prix,"120,00-180,00 $US",Daystar Trade Inc,"1 an
CA Fournisseur",N/A,N/A,N/A,N/A
TRÈS Offre Spéciale Farine de Blé Blanc Biologique Pour l'Exportation Vente en Vrac Farine de Blé Haute Nutrition,"120,00-160,00 $US",AADVIK RETAIL LTD,"1 an
UK Fournisseur",N/A,N/A,N/A,https://s.alicdn.com/@sc04/kf/A8df2f15f77124fae86088dc79f230332K.jpg_300x300.jpg
TRÈS Offre Spéciale Farine de Blé Blanc Biologique Pour l'Exportation Vente en Vrac Farine de Blé Haute Nutrition,"120,00-160,00 $US",AADVIK RETAIL LTD,"1 an
UK Fournisseur",N/A,N/A,N/A,N/A
"Farine de blé de meilleure qualité fabriquée en Italie 00LG W 350/390 Protéines 14,50/15,50 idéale pour la pizza pour la boulangerie 25 KG BAG","0,87-0,89 $US",MOLINO PIANTONI S.A.S. DI MICHELANGELO PIANTONI & C.,"4 Ans
IT Fournisseur",N/A,N/A,N/A,https://s.alicdn.com/@sc04/kf/U2989366227f840a0b93238333224af3f6.jpg_300x300.jpg
"Farine de blé de meilleure qualité fabriquée en Italie 00LG W 350/390 Protéines 14,50/15,50 idéale pour la pizza pour la boulangerie 25 KG BAG","0,87-0,89 $US",MOLINO PIANTONI S.A.S. DI MICHELANGELO PIANTONI & C.,"4 Ans
IT Fournisseur",N/A,N/A,N/A,N/A
Blé mou doré ukrainien à haute teneur en Gluten-Grain de blé en vrac,"187,00 $US",Zestco Inc,"3 Ans
CA Fournisseur",N/A,N/A,N/A,https://s.alicdn.com/@sc04/kf/Aaa81a8b8267f4c0a820a047e280e98c9b.jpeg_300x300.jpeg
Blé mou doré ukrainien à haute teneur en Gluten-Grain de blé en vrac,"187,00 $US",Zestco Inc,"3 Ans
CA Fournisseur",N/A,N/A,N/A,N/A
FARINE DE BLÉ TOUT USAGE ORIGINE UKRAINE Farine de blé,"150,00-200,00 $US",BISHOFF COSMETICS LIMITED LIABILITY COMPANY,"2 Ans
UA Fournisseur",N/A,N/A,N/A,https://s.alicdn.com/@sc04/kf/H39383772cd3d4bdbb44f8761733ae715M.jpg_300x300.jpg
FARINE DE BLÉ TOUT USAGE ORIGINE UKRAINE Farine de blé,"150,00-200,00 $US",BISHOFF COSMETICS LIMITED LIABILITY COMPANY,"2 Ans
UA Fournisseur",N/A,N/A,N/A,N/A
"Farine de blé entier de qualité supérieure, prix de gros, blé blanc biologique","300,00 $US",AZETA PTY LTD,"3 Ans
ZA Fournisseur",N/A,N/A,N/A,https://s.alicdn.com/@sc04/kf/Ad8bc851d386447fc937980ef43be06226.jpg_300x300.jpg
"Farine de blé entier de qualité supérieure, prix de gros, blé blanc biologique","300,00 $US",AZETA PTY LTD,"3 Ans
ZA Fournisseur",N/A,N/A,N/A,N/A
Grain de blé prix de gros blé grain blé blé entier à vendre,"130,00-280,00 $US",Carmela Trading,"2 Ans
FR Fournisseur",N/A,N/A,N/A,https://s.alicdn.com/@sc04/kf/A0e8a2f9ac8a041f8882f72feba1be258C.jpg_300x300.jpg
Grain de blé prix de gros blé grain blé blé entier à vendre,"130,00-280,00 $US",Carmela Trading,"2 Ans
FR Fournisseur",N/A,N/A,N/A,N/A
Prime Farine à pain de Blé/Farine Tout Usage pour vente à Taux D'actualisation,"100,00 $US",Kefer Invest GmbH,"4 Ans
DE Fournisseur",N/A,N/A,N/A,https://s.alicdn.com/@sc04/kf/A0e619e945fe049cca355694d2920fcfak.jpeg_300x300.jpeg
Prime Farine à pain de Blé/Farine Tout Usage pour vente à Taux D'actualisation,"100,00 $US",Kefer Invest GmbH,"4 Ans
DE Fournisseur",N/A,N/A,N/A,N/A
Grain de blé en gros pour l'exportation,"105,00 $US",PROAGRI LTD,"3 Ans
UK Fournisseur",N/A,N/A,N/A,https://s.alicdn.com/@sc04/kf/Ab24c21279499482dbbb0ca828da959cce.jpg_300x300.jpg
Grain de blé en gros pour l'exportation,"105,00 $US",PROAGRI LTD,"3 Ans
UK Fournisseur",N/A,N/A,N/A,N/A
"Graines de blé et enduri de qualité supérieure, vente en gros, g","100,00-150,00 $US",Easy Trade Service GmbH,"4 Ans
DE Fournisseur",N/A,N/A,N/A,https://s.alicdn.com/@sc04/kf/Udda824af11424f91953e5d866fbc96b4o.jpg_300x300.jpg
"Graines de blé et enduri de qualité supérieure, vente en gros, g","100,00-150,00 $US",Easy Trade Service GmbH,"4 Ans
DE Fournisseur",N/A,N/A,N/A,N/A
Farine de blé biologique 50kg Meilleure qualité à vendre Livraison rapide Acheter en Stock Bon marché,"100,00-150,00 $US",EURL CARYS TRADE,"1 an
FR Fournisseur",N/A,N/A,N/A,https://s.alicdn.com/@sc04/kf/A4526c3b4e46b4abd935258df5f713345o.png_300x300.png
Farine de blé biologique 50kg Meilleure qualité à vendre Livraison rapide Acheter en Stock Bon marché,"100,00-150,00 $US",EURL CARYS TRADE,"1 an
FR Fournisseur",N/A,N/A,N/A,N/A
Grains de blé dur de grande qualité pour la cuisson et la cuisson fournisseur fiable de grains et de haricots à vendre blé en vrac,"160,00 $US",TRADE NEPAL LLC,"3 Ans
US Fournisseur",N/A,N/A,N/A,https://s.alicdn.com/@sc04/kf/Ae2f8d7db54484bab9eca132864cfcf93n.jpg_300x300.jpg
Grains de blé dur de grande qualité pour la cuisson et la cuisson fournisseur fiable de grains et de haricots à vendre blé en vrac,"160,00 $US",TRADE NEPAL LLC,"3 Ans
US Fournisseur",N/A,N/A,N/A,N/A
Ebos Supply Additif édulcorant arabinoxylane de qualité alimentaire pour son de blé/riz 98% Arabinoxylane,"19,20 $US","Xi'an Ebos Biotech Co., Ltd.","5 Ans
CN Fournisseur",N/A,N/A,N/A,https://s.alicdn.com/@sc04/kf/H8b1fcf196f7344dfa632804dbd648be7f.png_300x300.png
Ebos Supply Additif édulcorant arabinoxylane de qualité alimentaire pour son de blé/riz 98% Arabinoxylane,"19,20 $US","Xi'an Ebos Biotech Co., Ltd.","5 Ans
CN Fournisseur",N/A,N/A,N/A,N/A
Sac de farine de blé à haute teneur en protéines de bonne qualité 50kg/farine de blé pour la boulangerie et le pain,"150,00-220,00 $US",World Beverages B.V.,"2 Ans
NL Fournisseur",N/A,N/A,N/A,https://s.alicdn.com/@sc04/kf/Aba16070275784562a6f878ecd70ca4290.jpg_300x300.jpg
Sac de farine de blé à haute teneur en protéines de bonne qualité 50kg/farine de blé pour la boulangerie et le pain,"150,00-220,00 $US",World Beverages B.V.,"2 Ans
NL Fournisseur",N/A,N/A,N/A,N/A
Vente directe en usine 50 KG par sac de haute qualité européenne étoiles marque de farine de blé pour le pain produit,"100,00-150,00 $US",Solution Beta,"3 Ans
DK Fournisseur",N/A,N/A,N/A,https://s.alicdn.com/@sc04/kf/A3f81a89cb3b64130b1c96f731fceaa4bx.jpeg_300x300.jpeg
Vente directe en usine 50 KG par sac de haute qualité européenne étoiles marque de farine de blé pour le pain produit,"100,00-150,00 $US",Solution Beta,"3 Ans
DK Fournisseur",N/A,N/A,N/A,N/A
100% farine de blé entier/farine de blé blanc tout usage/farine de blé blanc naturel biologique,"120,00-180,00 $US",SARL BENY TRADING,"1 an
FR Fournisseur",N/A,N/A,N/A,https://s.alicdn.com/@sc04/kf/Ab42efbbe2b9f4b82a6cab8428274a7b6l.jpg_300x300.jpg
100% farine de blé entier/farine de blé blanc tout usage/farine de blé blanc naturel biologique,"120,00-180,00 $US",SARL BENY TRADING,"1 an
FR Fournisseur",N/A,N/A,N/A,N/A
Farine de blé entier de meilleure qualité/Prix de gros Farine de blé blanc biologique,"0,45-0,85 $US",Zeenat Gand Inc,"2 Ans
CA Fournisseur",N/A,N/A,N/A,https://s.alicdn.com/@sc04/kf/A847c688180654a32ab9fb615b033c470Q.jpg_300x300.jpg
Farine de blé entier de meilleure qualité/Prix de gros Farine de blé blanc biologique,"0,45-0,85 $US",Zeenat Gand Inc,"2 Ans
CA Fournisseur",N/A,N/A,N/A,N/A
Cere lac Miel et blé Riz pour bébé Fruits mélangés Céréales pour nourrissons avec lait,"0,25-0,73 $US",S.A.S. FARRON AGRIVOLT,"1 an
FR Fournisseur",N/A,N/A,N/A,https://s.alicdn.com/@sc04/kf/A3d3ccc13277040e685f6491c61f5bbc8J.jpg_300x300.jpg
Cere lac Miel et blé Riz pour bébé Fruits mélangés Céréales pour nourrissons avec lait,"0,25-0,73 $US",S.A.S. FARRON AGRIVOLT,"1 an
FR Fournisseur",N/A,N/A,N/A,N/A
Vente en gros de grains de blé entier biologiques de la meilleure qualité style séché à bas prix,"250,00-290,00 $US",HOME ESSENTIA LLC,"1 an
US Fournisseur",N/A,N/A,N/A,https://s.alicdn.com/@sc04/kf/A14839acc9a904d1ab5b1337274b7ee96c.jpg_300x300.jpg
Vente en gros de grains de blé entier biologiques de la meilleure qualité style séché à bas prix,"250,00-290,00 $US",HOME ESSENTIA LLC,"1 an
US Fournisseur",N/A,N/A,N/A,N/A
Farine de blé entier de qualité pour la farine de blé d'exportation 50kg/Farine de blé blanc en vrac biologique forte Prix abordable,"40,00-70,00 $US",Global Support Supplier,"2 Ans
FR Fournisseur",N/A,N/A,N/A,https://s.alicdn.com/@sc04/kf/A488868ac4e6f454d9db5860077029db8h.jpg_300x300.jpg
Farine de blé entier de qualité pour la farine de blé d'exportation 50kg/Farine de blé blanc en vrac biologique forte Prix abordable,"40,00-70,00 $US",Global Support Supplier,"2 Ans
FR Fournisseur",N/A,N/A,N/A,N/A
Blé en vrac pour vente en gros à des prix abordables sur le blé fraîchement récolté de haute qualité,"240,00-280,00 $US",NV AGS Trading,"1 an
BE Fournisseur",N/A,N/A,N/A,https://s.alicdn.com/@sc04/kf/A989773a7190e4f13b380260bc6630cc85.jpg_300x300.jpg
Blé en vrac pour vente en gros à des prix abordables sur le blé fraîchement récolté de haute qualité,"240,00-280,00 $US",NV AGS Trading,"1 an
BE Fournisseur",N/A,N/A,N/A,N/A
Farine de blé biologique à vendre,"120,00-150,00 $US",Bangarda GmbH,"3 Ans
DE Fournisseur",N/A,N/A,N/A,https://s.alicdn.com/@sc04/kf/Abbe96a2328804a6686172c3512e53dbfz.jpg_300x300.jpg
Farine de blé biologique à vendre,"120,00-150,00 $US",Bangarda GmbH,"3 Ans
DE Fournisseur",N/A,N/A,N/A,N/A
Farine de blé entier de la meilleure qualité/farine de blé blanc biologique en gros farine tout usage repas nutritionnel,"90,00-130,00 $US",MEMA,"1 an
FR Fournisseur",N/A,N/A,N/A,https://s.alicdn.com/@sc04/kf/A4cd35e4688e0455bbf3f3b6b43234de35.jpg_300x300.jpg
Farine de blé entier de la meilleure qualité/farine de blé blanc biologique en gros farine tout usage repas nutritionnel,"90,00-130,00 $US",MEMA,"1 an
FR Fournisseur",N/A,N/A,N/A,N/A
Sac de farine et poudre de blé biologique sac PP emballage fraisage 25 prix de farine de blé saine en Chine,"100,00-180,00 $US",EG Supplements LLC,"3 Ans
CN Fournisseur",N/A,N/A,N/A,https://s.alicdn.com/@sc04/kf/Hc3120c818fd143ad9da99552bd8dde25R.png_300x300.png
Sac de farine et poudre de blé biologique sac PP emballage fraisage 25 prix de farine de blé saine en Chine,"100,00-180,00 $US",EG Supplements LLC,"3 Ans
CN Fournisseur",N/A,N/A,N/A,N/A
"Grains de blé entier à vendre, vente en gros, acheter des grains de blé","150,00-200,00 $US",S.Z.Aram GmbH,"5 Ans
DE Fournisseur",N/A,N/A,N/A,https://s.alicdn.com/@sc04/kf/Aed9f3af22e66431a8d6ea8407aa0cd75p.jpg_300x300.jpg
"Grains de blé entier à vendre, vente en gros, acheter des grains de blé","150,00-200,00 $US",S.Z.Aram GmbH,"5 Ans
DE Fournisseur",N/A,N/A,N/A,N/A
Farine à grains entiers Farine de blé biologique de sarrasin pour boulangerie Farine de sarrasin de sarrasin,"14,50-15,00 $US","Hebei Nihewan Agricultural Development Co., Ltd.","16 Ans
CN Fournisseur",N/A,N/A,N/A,https://s.alicdn.com/@sc04/kf/H198729465e734067b09359a80b9cbf78L.jpg_300x300.jpg
Farine à grains entiers Farine de blé biologique de sarrasin pour boulangerie Farine de sarrasin de sarrasin,"14,50-15,00 $US","Hebei Nihewan Agricultural Development Co., Ltd.","16 Ans
CN Fournisseur",N/A,N/A,N/A,N/A
Blé de haute qualité/grain de blé/blé à vendre/orge,"150,00 $US",STARLINK TRADING THAILAND,"3 Ans
TH Fournisseur",N/A,N/A,N/A,https://s.alicdn.com/@sc04/kf/A6b79687e6a3847d0b4431e8a212800798.png_300x300.png
Blé de haute qualité/grain de blé/blé à vendre/orge,"150,00 $US",STARLINK TRADING THAILAND,"3 Ans
TH Fournisseur",N/A,N/A,N/A,N/A
"Grain complet de blé, céréales, fibre de haute qualité pour la consommation naturelle","80,00-100,00 $US",Global Export 009 Limited Partnership,"4 Ans
TH Fournisseur",N/A,N/A,N/A,https://s.alicdn.com/@sc04/kf/U2f53104dbdea4ce1a1f5cc3b20358e04y.jpg_300x300.jpg
"Grain complet de blé, céréales, fibre de haute qualité pour la consommation naturelle","80,00-100,00 $US",Global Export 009 Limited Partnership,"4 Ans
TH Fournisseur",N/A,N/A,N/A,N/A
Blé de haute qualité pour la mouture et la consommation humaine et animale prêt à l'exportation origine russe,"100,00-120,00 $US",EARL BREHIN,"1 an
FR Fournisseur",N/A,N/A,N/A,https://s.alicdn.com/@sc04/kf/A1d53b1d676f542b6a1284ff615c336abg.png_300x300.png
Blé de haute qualité pour la mouture et la consommation humaine et animale prêt à l'exportation origine russe,"100,00-120,00 $US",EARL BREHIN,"1 an
FR Fournisseur",N/A,N/A,N/A,N/A
Grains de blé entier biologique pur de qualité supérieure à vendre au prix de gros le moins cher,"200,00-300,00 $US",EXIGENTELAXIA - UNIPESSOAL LDA,"2 Ans
PT Fournisseur",N/A,N/A,N/A,https://s.alicdn.com/@sc04/kf/A8a629b28550d4482baf649712d0e23b5K.jpg_300x300.jpg
Grains de blé entier biologique pur de qualité supérieure à vendre au prix de gros le moins cher,"200,00-300,00 $US",EXIGENTELAXIA - UNIPESSOAL LDA,"2 Ans
PT Fournisseur",N/A,N/A,N/A,N/A
Quinoa sain à haute teneur en protéines pain de blé entier pain de seigle sans sucre pain de petit déjeuner toast de céréales en gros,"2,21-2,30 $US","Xiamen Tench Import And Export Co., Ltd.","1 an
CN Fournisseur",N/A,N/A,N/A,https://s.alicdn.com/@sc04/kf/H77a864b6283f446b8052eb68f286c8f1j.jpg_300x300.jpg
Quinoa sain à haute teneur en protéines pain de blé entier pain de seigle sans sucre pain de petit déjeuner toast de céréales en gros,"2,21-2,30 $US","Xiamen Tench Import And Export Co., Ltd.","1 an
CN Fournisseur",N/A,N/A,N/A,N/A
Grains de blé entier biologique à vendre bon marché Prix de gros Grains de blé entier biologique à vendre bon marché Prix en vrac,"220,00-350,00 $US",CeFa Import & Export BV,"1 an
NL Fournisseur",N/A,N/A,N/A,https://s.alicdn.com/@sc04/kf/Aa02b9911f23f415994a1ca47ed35a2cd1.jpg_300x300.jpg
Grains de blé entier biologique à vendre bon marché Prix de gros Grains de blé entier biologique à vendre bon marché Prix en vrac,"220,00-350,00 $US",CeFa Import & Export BV,"1 an
NL Fournisseur",N/A,N/A,N/A,N/A
"Farine de blé polyvalent 1kg, sans échantillons, 1kg","1,00 $US","TEXTURE MAKER ENTERPRISE CO., LTD.","4 Ans
TW Fournisseur",N/A,N/A,N/A,https://s.alicdn.com/@sc04/kf/U6f98754425fc43ce924a4ed40f1a0ee3x.png_300x300.png
"Farine de blé polyvalent 1kg, sans échantillons, 1kg","1,00 $US","TEXTURE MAKER ENTERPRISE CO., LTD.","4 Ans
TW Fournisseur",N/A,N/A,N/A,N/A
Protéine de blé texturée/Végétalien/Riche en fibres,"2,40-2,55 $US","Qingdao Ocean Health International Trading Co., Ltd.","6 Ans
CN Fournisseur",N/A,N/A,N/A,https://s.alicdn.com/@sc04/kf/H1d24108afd8a4532af3b6613a70b7f14E.png_300x300.png
Protéine de blé texturée/Végétalien/Riche en fibres,"2,40-2,55 $US","Qingdao Ocean Health International Trading Co., Ltd.","6 Ans
CN Fournisseur",N/A,N/A,N/A,N/A
Farine de blé biologique à prix Offre Spéciale de meilleure qualité,"250,00-280,00 $US",Germania Trade GmbH,"1 an
DE Fournisseur",N/A,N/A,N/A,https://s.alicdn.com/@sc04/kf/Ae49135e405994edca44b0f54e45e9d16x.jpg_300x300.jpg
Farine de blé biologique à prix Offre Spéciale de meilleure qualité,"250,00-280,00 $US",Germania Trade GmbH,"1 an
DE Fournisseur",N/A,N/A,N/A,N/A
"Blé séché de haute qualité, g, grains naturels de blé séché, pour la fabrication du pain doux","20,00-25,00 $US",SCI LA FLEUR,"5 Ans
FR Fournisseur",N/A,N/A,N/A,https://s.alicdn.com/@sc04/kf/U01c0035c523e47c2aea9625a1f77c802X.jpg_300x300.jpg
"Blé séché de haute qualité, g, grains naturels de blé séché, pour la fabrication du pain doux","20,00-25,00 $US",SCI LA FLEUR,"5 Ans
FR Fournisseur",N/A,N/A,N/A,N/A
Poudre de blé de canard,"10,00 $US","Backvita Biotech, Inc","1 an
CN Fournisseur",N/A,N/A,N/A,https://s.alicdn.com/@sc04/kf/Heb4150aa216145709a70433c930cb67dX.jpg_300x300.jpg
Poudre de blé de canard,"10,00 $US","Backvita Biotech, Inc","1 an
CN Fournisseur",N/A,N/A,N/A,N/A
Grains de blé dur riches en nutriments pour applications polyvalentes offerts en vrac à des tarifs abordables,"0,65-0,95 $US",PEOTELEC,"1 an
FR Fournisseur",N/A,N/A,N/A,https://s.alicdn.com/@sc04/kf/A09f0d69f462b41c7a6bb8d5eb2a3b863Y.jpg_300x300.jpg
Grains de blé dur riches en nutriments pour applications polyvalentes offerts en vrac à des tarifs abordables,"0,65-0,95 $US",PEOTELEC,"1 an
FR Fournisseur",N/A,N/A,N/A,N/A
"Grain de blé canadien, blé tendre, blé de mouture, blé dur Prix bas","300,00-400,00 $US",CRG GROUP LLC,"2 Ans
US Fournisseur",N/A,N/A,N/A,https://s.alicdn.com/@sc04/kf/A6256baf79d5743d4a926392a017f05fbq.jpg_300x300.jpg
"Grain de blé canadien, blé tendre, blé de mouture, blé dur Prix bas","300,00-400,00 $US",CRG GROUP LLC,"2 Ans
US Fournisseur",N/A,N/A,N/A,N/A
Grains de blé tendre naturels de haute qualité culture biologique Texture dure séchée en gros bon marché approvisionnement en vrac consommation humaine,"300,00-350,00 $US",CVN HOLDING ApS,"2 Ans
DK Fournisseur",N/A,N/A,N/A,https://s.alicdn.com/@sc04/kf/A08326257d6544c94b59d520b4c24633bg.jpg_300x300.jpg
Grains de blé tendre naturels de haute qualité culture biologique Texture dure séchée en gros bon marché approvisionnement en vrac consommation humaine,"300,00-350,00 $US",CVN HOLDING ApS,"2 Ans
DK Fournisseur",N/A,N/A,N/A,N/A
"Vente en gros de 25kg de farine de blé riche et forte, excellente pour la cuisson du pain, nouilles, pâtisseries feuilletées dans un emballage en sac","12,00-16,00 $US",Guangdong Haitian International Trading Company Limited,"1 an
CN Fournisseur",N/A,N/A,N/A,https://s.alicdn.com/@sc04/kf/Hf93e9fc8db8340ada04be1a9ea29ce77a.jpg_300x300.jpg
"Vente en gros de 25kg de farine de blé riche et forte, excellente pour la cuisson du pain, nouilles, pâtisseries feuilletées dans un emballage en sac","12,00-16,00 $US",Guangdong Haitian International Trading Company Limited,"1 an
CN Fournisseur",N/A,N/A,N/A,N/A
Farine de blé tout usage/farine de blé pour le pain Meilleur prix Farine de blé entier de meilleure qualité Prix/Gros BLÉ blanc biologique,"150,00-270,00 $US",CeFa Import & Export BV,"1 an
NL Fournisseur",N/A,N/A,N/A,https://s.alicdn.com/@sc04/kf/A542fbd4fb34c459ca91721e0503f4e6eU.jpg_300x300.jpg
Farine de blé tout usage/farine de blé pour le pain Meilleur prix Farine de blé entier de meilleure qualité Prix/Gros BLÉ blanc biologique,"150,00-270,00 $US",CeFa Import & Export BV,"1 an
NL Fournisseur",N/A,N/A,N/A,N/A
Grains de blé entier biologique de haute qualité disponibles à la vente à bas prix,"200,00-300,00 $US",SOURCEPLAN GMBH,"3 Ans
DE Fournisseur",N/A,N/A,N/A,https://s.alicdn.com/@sc04/kf/A780454a07d8f44ca84c302ab063c49e8y.jpg_300x300.jpg
Grains de blé entier biologique de haute qualité disponibles à la vente à bas prix,"200,00-300,00 $US",SOURCEPLAN GMBH,"3 Ans
DE Fournisseur",N/A,N/A,N/A,N/A
"Alimentation pour blé, Kazakhstan, aliments naturels pour animaux, blé, graines de blé, céréales, emballage de 50Kg, vente en gros","100,00-120,00 $US",Global Export 009 Limited Partnership,"4 Ans
TH Fournisseur",N/A,N/A,N/A,https://s.alicdn.com/@sc04/kf/Uc29e5957d97747f8b8e081361a839c246.jpg_300x300.jpg
"Alimentation pour blé, Kazakhstan, aliments naturels pour animaux, blé, graines de blé, céréales, emballage de 50Kg, vente en gros","100,00-120,00 $US",Global Export 009 Limited Partnership,"4 Ans
TH Fournisseur",N/A,N/A,N/A,N/A
Grain de blé entier biologique de la meilleure qualité à vendre à bas prix,"300,00 $US",FI Supplies GmbH,"1 an
AT Fournisseur",N/A,N/A,N/A,https://s.alicdn.com/@sc04/kf/Af0f945ef4e524081b916e2855fce4f6ab.png_300x300.png
Grain de blé entier biologique de la meilleure qualité à vendre à bas prix,"300,00 $US",FI Supplies GmbH,"1 an
AT Fournisseur",N/A,N/A,N/A,N/A
Farine de céréales de blé biologique à vendre,"100,00-160,00 $US",S.A.R,"1 an
FR Fournisseur",N/A,N/A,N/A,https://s.alicdn.com/@sc04/kf/A655542af83254c6087be3e1f4edff1158.png_300x300.png
Farine de céréales de blé biologique à vendre,"100,00-160,00 $US",S.A.R,"1 an
FR Fournisseur",N/A,N/A,N/A,N/A
Farine de blé entier de la meilleure qualité/vente en gros de farine de blé blanc biologique sacs d'emballage de farine tout usage 50kg 25kg 10kg 5KG blé dur,"80,00-110,00 $US",Freedom Global Trading Inc,"1 an
CA Fournisseur",N/A,N/A,N/A,https://s.alicdn.com/@sc04/kf/A7dc94325a5fc4b44b6a13e5380f8c6d25.jpg_300x300.jpg
Farine de blé entier de la meilleure qualité/vente en gros de farine de blé blanc biologique sacs d'emballage de farine tout usage 50kg 25kg 10kg 5KG blé dur,"80,00-110,00 $US",Freedom Global Trading Inc,"1 an
CA Fournisseur",N/A,N/A,N/A,N/A
Vente en gros d'herbe de blé verte naturelle biologique en poudre,"5,00-9,00 $US","Sciyu Biotech Co., Ltd.","11 Ans
CN Fournisseur",N/A,N/A,N/A,https://s.alicdn.com/@sc04/kf/H318066ad3e8d4a67b3eeaa23c4b60f20C.jpg_300x300.jpg
Vente en gros d'herbe de blé verte naturelle biologique en poudre,"5,00-9,00 $US","Sciyu Biotech Co., Ltd.","11 Ans
CN Fournisseur",N/A,N/A,N/A,N/A
Grain de blé biologique en vrac-Farine de blé à vendre,"100,00-300,00 $US",Best Trade SPRL,"2 Ans
BE Fournisseur",N/A,N/A,N/A,https://s.alicdn.com/@sc04/kf/A304899fc5bfc40d8a93dd62893558010Q.jpg_300x300.jpg
Grain de blé biologique en vrac-Farine de blé à vendre,"100,00-300,00 $US",Best Trade SPRL,"2 Ans
BE Fournisseur",N/A,N/A,N/A,N/A
"Grains de blé de haute qualité, en vrac de la russie, g","150,00-300,00 $US",Ivory Panel Inc,"5 Ans
CA Fournisseur",N/A,N/A,N/A,https://s.alicdn.com/@sc04/kf/U13347aff321445bebff64a88548c9edcc.jpg_300x300.jpg
"Grains de blé de haute qualité, en vrac de la russie, g","150,00-300,00 $US",Ivory Panel Inc,"5 Ans
CA Fournisseur",N/A,N/A,N/A,N/A
VENTE EN GROS ORGE PERLE COQUÉ Haute Qualité Blé/Grain de Blé/Orge,"700,00 $US","Dalian Spring Agricultural Products Co., Ltd.","15 Ans
CN Fournisseur",N/A,N/A,N/A,https://s.alicdn.com/@sc04/kf/H8d2e293d7a66477197fd61a578a48cebN.jpg_300x300.jpg
VENTE EN GROS ORGE PERLE COQUÉ Haute Qualité Blé/Grain de Blé/Orge,"700,00 $US","Dalian Spring Agricultural Products Co., Ltd.","15 Ans
CN Fournisseur",N/A,N/A,N/A,N/A
Blé grains de blé tendre biologique entier de meilleure qualité en vrac/Blé dur de qualité supérieure en gros,"150,00-300,00 $US",Laka Trade OG,"2 Ans
AT Fournisseur",N/A,N/A,N/A,https://s.alicdn.com/@sc04/kf/Aba79e8c34dee4cc1be73b3d8cc7512fbQ.jpeg_300x300.jpeg
Blé grains de blé tendre biologique entier de meilleure qualité en vrac/Blé dur de qualité supérieure en gros,"150,00-300,00 $US",Laka Trade OG,"2 Ans
AT Fournisseur",N/A,N/A,N/A,N/A
Farine de blé tout usage/farine de blé pour le pain/farine de blé tendre,"150,00-250,00 $US",SAO MARTINHO,"2 Ans
US Fournisseur",N/A,N/A,N/A,https://s.alicdn.com/@sc04/kf/A00c09c1dc91649fbab7658c19a7be937g.jpeg_300x300.jpeg
Farine de blé tout usage/farine de blé pour le pain/farine de blé tendre,"150,00-250,00 $US",SAO MARTINHO,"2 Ans
US Fournisseur",N/A,N/A,N/A,N/A
Meilleures ventes Grains de blé naturels riches en nutriments et en fibres Grains de blé en vrac Grains de blé achetés,"150,00-200,00 $US",Srl Agripur,"1 an
BE Fournisseur",N/A,N/A,N/A,https://s.alicdn.com/@sc04/kf/Ad5c4fd3ca35243749cb52e3be1f02fffb.jpeg_300x300.jpeg
Meilleures ventes Grains de blé naturels riches en nutriments et en fibres Grains de blé en vrac Grains de blé achetés,"150,00-200,00 $US",Srl Agripur,"1 an
BE Fournisseur",N/A,N/A,N/A,N/A
Aliments riches en protéines pour poulets blé jaune pour l'alimentation animale farine de gluten de maïs de son,"0,95-1,55 $US",Pandora Trade GmbH,"1 an
DE Fournisseur",N/A,N/A,N/A,https://s.alicdn.com/@sc04/kf/Ade8ce039a96c429089e2364a32ef16d3w.jpg_300x300.jpg
Aliments riches en protéines pour poulets blé jaune pour l'alimentation animale farine de gluten de maïs de son,"0,95-1,55 $US",Pandora Trade GmbH,"1 an
DE Fournisseur",N/A,N/A,N/A,N/A
"Batteuse de riz, de blé et de maïs entraînée par moteur diesel","72,00-85,00 $US","Hunan Weiyan Machinery Technology Co., Ltd.","5 Ans
CN Fournisseur",N/A,N/A,N/A,https://s.alicdn.com/@sc04/kf/H617184153c2b48deaac093527ef91634Z.png_300x300.png
"Batteuse de riz, de blé et de maïs entraînée par moteur diesel","72,00-85,00 $US","Hunan Weiyan Machinery Technology Co., Ltd.","5 Ans
CN Fournisseur",N/A,N/A,N/A,N/A
Farine de blé,"190,00-280,00 $US",Gerd Juranek GmbH,"5 Ans
AT Fournisseur",N/A,N/A,N/A,https://s.alicdn.com/@sc04/kf/Ubbf785b52bee499e914c2711812106c7O.jpg_300x300.jpg
Farine de blé,"190,00-280,00 $US",Gerd Juranek GmbH,"5 Ans
AT Fournisseur",N/A,N/A,N/A,N/A
Poudre d'herbe de blé biologique certifiée EU & NOP Healthife,"8,93 $US",Healthife LLC,"2 Ans
CN Fournisseur",N/A,N/A,N/A,https://s.alicdn.com/@sc04/kf/H37399ed74f3547fcb359ffd0d517da82m.jpg_300x300.jpg
Poudre d'herbe de blé biologique certifiée EU & NOP Healthife,"8,93 $US",Healthife LLC,"2 Ans
CN Fournisseur",N/A,N/A,N/A,N/A
Farine de blé biologique à prix Offre Spéciale de meilleure qualité,"150,00-270,00 $US",Carmela Trading,"2 Ans
FR Fournisseur",N/A,N/A,N/A,https://s.alicdn.com/@sc04/kf/Aa651421cc6da46e9abeb2ab1614f1706z.jpg_300x300.jpg
Farine de blé biologique à prix Offre Spéciale de meilleure qualité,"150,00-270,00 $US",Carmela Trading,"2 Ans
FR Fournisseur",N/A,N/A,N/A,N/A
Farine de blé biologique naturelle/farine de blé à vendre,"100,00-210,00 $US",H&R BEVERAGES B.V.,"2 Ans
NL Fournisseur",N/A,N/A,N/A,https://s.alicdn.com/@sc04/kf/Af342ad81226845bf8454178e82b9e02bZ.jpeg_300x300.jpeg
Farine de blé biologique naturelle/farine de blé à vendre,"100,00-210,00 $US",H&R BEVERAGES B.V.,"2 Ans
NL Fournisseur",N/A,N/A,N/A,N/A
Grains de blé entier biologique pur de qualité supérieure à vendre au prix de gros le moins cher,"100,00-120,00 $US",LSK Trading LLC,"1 an
US Fournisseur",N/A,N/A,N/A,https://s.alicdn.com/@sc04/kf/Adf854061bd9b4f8798ca2d204f0af2f9T.jpg_300x300.jpg
Grains de blé entier biologique pur de qualité supérieure à vendre au prix de gros le moins cher,"100,00-120,00 $US",LSK Trading LLC,"1 an
US Fournisseur",N/A,N/A,N/A,N/A
Couscous Dari produit avec des blés de première qualité.,"0,2554-0,2753 $US",Amh Wind Limited,"2 Ans
UK Fournisseur",N/A,N/A,N/A,https://s.alicdn.com/@sc04/kf/A6884fc7379ae4bbf836f0b7910f1bdcdY.jpg_300x300.jpg
Couscous Dari produit avec des blés de première qualité.,"0,2554-0,2753 $US",Amh Wind Limited,"2 Ans
UK Fournisseur",N/A,N/A,N/A,N/A
"Blé doux doré de haute qualité, g, grains de blé, haute alimentation, en vrac, acheter au meilleur prix","200,00-500,00 $US",Zwima Technologie GmbH,"4 Ans
DE Fournisseur",N/A,N/A,N/A,https://s.alicdn.com/@sc04/kf/Ud1c00d53c73e474abaf2572c2be9178aR.jpg_300x300.jpg
"Blé doux doré de haute qualité, g, grains de blé, haute alimentation, en vrac, acheter au meilleur prix","200,00-500,00 $US",Zwima Technologie GmbH,"4 Ans
DE Fournisseur",N/A,N/A,N/A,N/A
Le son de blé est un produit nutritionnel naturel pour un élevage durable,"2,45 $US",WOOUP COMPANY LIMITED,"2 Ans
VN Fournisseur",N/A,N/A,N/A,https://s.alicdn.com/@sc04/kf/A4ff793557e874d0dadbdb40e6b258122e.jpg_300x300.jpg
Le son de blé est un produit nutritionnel naturel pour un élevage durable,"2,45 $US",WOOUP COMPANY LIMITED,"2 Ans
VN Fournisseur",N/A,N/A,N/A,N/A
Farine de grains de blé naturelle de haute qualité pour la cuisson,"280,00-350,00 $US",AMICO TRADING INC,"1 an
US Fournisseur",N/A,N/A,N/A,https://s.alicdn.com/@sc04/kf/Acd8a93d435184b8e983d3826d54ad012r.jpg_300x300.jpg
Farine de grains de blé naturelle de haute qualité pour la cuisson,"280,00-350,00 $US",AMICO TRADING INC,"1 an
US Fournisseur",N/A,N/A,N/A,N/A
Matière première gluten de blé vital pour le seitan,"1,80-10,00 $US","Beijing Stevia Co., Ltd.","11 Ans
CN Fournisseur",N/A,N/A,N/A,https://s.alicdn.com/@sc04/kf/Hb7e70bbc1cb14b249f49de11aaf1c0d7Q.jpg_300x300.jpg
Matière première gluten de blé vital pour le seitan,"1,80-10,00 $US","Beijing Stevia Co., Ltd.","11 Ans
CN Fournisseur",N/A,N/A,N/A,N/A
Meilleure vente en gros de farine de blé blanc pour le pain et la pâtisserie Farine à prix raisonnable,"170,00 $US",AMA-INT GmbH,"3 Ans
AT Fournisseur",N/A,N/A,N/A,https://s.alicdn.com/@sc04/kf/Aa91532c1eb1a48a48559484d5a7b1e48m.jpg_300x300.jpg
Meilleure vente en gros de farine de blé blanc pour le pain et la pâtisserie Farine à prix raisonnable,"170,00 $US",AMA-INT GmbH,"3 Ans
AT Fournisseur",N/A,N/A,N/A,N/A
0 MORO Farine de blé tendre mi-puissante tout usage-idéale pour la cuisson professionnelle et le temps de montée moyen pour le pain dur et mou,"0,67-0,74 $US",MOLINO RACHELLO S.R.L.,"1 an
IT Fournisseur",N/A,N/A,N/A,https://s.alicdn.com/@sc04/kf/H2392cebdbdf8430c9ffeeeff41d5d96a3.png_300x300.png
0 MORO Farine de blé tendre mi-puissante tout usage-idéale pour la cuisson professionnelle et le temps de montée moyen pour le pain dur et mou,"0,67-0,74 $US",MOLINO RACHELLO S.R.L.,"1 an
IT Fournisseur",N/A,N/A,N/A,N/A
"Farine de blé souple fabriquées en italie, 10/25Kg, trampoline di Macina giufei severdi","25,06-33,66 $US",GV SRL,"7 Ans
IT Fournisseur",N/A,N/A,N/A,https://s.alicdn.com/@sc04/kf/U2b1f9e9439934b4384dc888134d262fal.jpg_300x300.jpg
"Farine de blé souple fabriquées en italie, 10/25Kg, trampoline di Macina giufei severdi","25,06-33,66 $US",GV SRL,"7 Ans
IT Fournisseur",N/A,N/A,N/A,N/A
"Farine de blé originale, g, en vrac, vente en gros au Vietnam","300,00-800,00 $US",99 GOLD DATA,"7 Ans
VN Fournisseur",N/A,N/A,N/A,https://s.alicdn.com/@sc04/kf/U0b2c25d46879479fbfa300532cb03318O.jpg_300x300.jpg
"Farine de blé originale, g, en vrac, vente en gros au Vietnam","300,00-800,00 $US",99 GOLD DATA,"7 Ans
VN Fournisseur",N/A,N/A,N/A,N/A
Blé séché à usage alimentaire Peut être utilisé pour la cuisson,"1,00-10,00 $US","Changchun Golden Seed Agricultural Products Co., Ltd.","8 Ans
CN Fournisseur",N/A,N/A,N/A,https://s.alicdn.com/@sc04/kf/Hf58e6cb4ea26463186919087e4bfccf3x.jpg_300x300.jpg
Blé séché à usage alimentaire Peut être utilisé pour la cuisson,"1,00-10,00 $US","Changchun Golden Seed Agricultural Products Co., Ltd.","8 Ans
CN Fournisseur",N/A,N/A,N/A,N/A
Vente en gros de farine blanche de qualité pain Farine de blé naturelle et savoureuse sans impuretés Produit agricole,"0,46-0,47 $US",ACHETEUR.COM,"1 an
IN Fournisseur",N/A,N/A,N/A,https://s.alicdn.com/@sc04/kf/A9206cc3285ad4dcdb2cfe23f2f06bfc5U.jpg_300x300.jpg
Vente en gros de farine blanche de qualité pain Farine de blé naturelle et savoureuse sans impuretés Produit agricole,"0,46-0,47 $US",ACHETEUR.COM,"1 an
IN Fournisseur",N/A,N/A,N/A,N/A
100% Pâtes longues Made in Italy 500g-Semoule de blé dur pour l'exportation et les restaurants pâtes spaghetti,"295,00-300,00 $US",ALPHA GLOBAL TRADE LLC,"1 an
US Fournisseur",N/A,N/A,N/A,https://s.alicdn.com/@sc04/kf/A1e60c468bd97462085331a123dfbc99en.jpg_300x300.jpg
100% Pâtes longues Made in Italy 500g-Semoule de blé dur pour l'exportation et les restaurants pâtes spaghetti,"295,00-300,00 $US",ALPHA GLOBAL TRADE LLC,"1 an
US Fournisseur",N/A,N/A,N/A,N/A
Farine de blé en gros en vrac farine de blé de haute qualité farine de blé naturelle pure approvisionnement direct meilleur prix à vendre,"140,00-210,00 $US",SAS M2 TRADE,"1 an
FR Fournisseur",N/A,N/A,N/A,https://s.alicdn.com/@sc04/kf/A455ba12dd7074027b6e41645746568caQ.jpg_300x300.jpg
Farine de blé en gros en vrac farine de blé de haute qualité farine de blé naturelle pure approvisionnement direct meilleur prix à vendre,"140,00-210,00 $US",SAS M2 TRADE,"1 an
FR Fournisseur",N/A,N/A,N/A,N/A
Offre spéciale Farine de blé multi-usages Acheter à prix de gros Remise Livraison dans le monde entier | Farine de blé multi-usages à vendre,"200,00-300,00 $US",APONTE SAS,"1 an
FR Fournisseur",N/A,N/A,N/A,https://s.alicdn.com/@sc04/kf/A1ee3cb8043784c3d9365cf1772df03b9a.jpg_300x300.jpg
Offre spéciale Farine de blé multi-usages Acheter à prix de gros Remise Livraison dans le monde entier | Farine de blé multi-usages à vendre,"200,00-300,00 $US",APONTE SAS,"1 an
FR Fournisseur",N/A,N/A,N/A,N/A
Produits de la série Blé Gluten de blé vital à haute teneur en protéines,"1,90 $US",Foodchem International Corporation,"18 Ans
CN Fournisseur",N/A,N/A,N/A,https://s.alicdn.com/@sc04/kf/Hd0adf5d3318c43729c942f3cbb0d264bN.jpg_300x300.jpg
Produits de la série Blé Gluten de blé vital à haute teneur en protéines,"1,90 $US",Foodchem International Corporation,"18 Ans
CN Fournisseur",N/A,N/A,N/A,N/A
"Pâte de poulet frit, 1 pièce, mélange de farine de blé","38,00 $US","Xiamen Rising Star Foodstuffs Co., Ltd.","15 Ans
CN Fournisseur",N/A,N/A,N/A,https://s.alicdn.com/@sc04/kf/H57f77f817a51453190ad7fbf1aa4ff9de.jpg_300x300.jpg
"Pâte de poulet frit, 1 pièce, mélange de farine de blé","38,00 $US","Xiamen Rising Star Foodstuffs Co., Ltd.","15 Ans
CN Fournisseur",N/A,N/A,N/A,N/A
Farine de Einkorn Biologique Farine de Blé Einkorn Biologique 500 g,"3,60 $US",ERSIN ISA KESIM,"1 an
TR Fournisseur",N/A,N/A,N/A,https://s.alicdn.com/@sc04/kf/A6538cb9f81214a9fb2916d44a8b9ac49A.jpg_300x300.jpg
Farine de Einkorn Biologique Farine de Blé Einkorn Biologique 500 g,"3,60 $US",ERSIN ISA KESIM,"1 an
TR Fournisseur",N/A,N/A,N/A,N/A
Meilleur prix sur les commandes en gros de farine de blé Bienvenue Farine de blé de qualité supérieure pour la cuisson et la pâtisserie,"150,00-200,00 $US",Green Agro ApS,"1 an
DK Fournisseur",N/A,N/A,N/A,https://s.alicdn.com/@sc04/kf/Ac24bae7c26f64bc1bc533b10ba8b9396a.jpeg_300x300.jpeg
Meilleur prix sur les commandes en gros de farine de blé Bienvenue Farine de blé de qualité supérieure pour la cuisson et la pâtisserie,"150,00-200,00 $US",Green Agro ApS,"1 an
DK Fournisseur",N/A,N/A,N/A,N/A
Tiges de blé séchées 100 tiges gerbes de blé pour la décoration de la table de mariage Maison Brown Real Plants Chinese New Year Flowers Feiliya,"0,70-0,81 $US","Shilin Hualai Preserved Flowers Co., Ltd.","6 Ans
CN Fournisseur",N/A,N/A,N/A,https://s.alicdn.com/@sc04/kf/H2392d71fa02a4cada93c2664ec147294k.jpg_300x300.jpg
Tiges de blé séchées 100 tiges gerbes de blé pour la décoration de la table de mariage Maison Brown Real Plants Chinese New Year Flowers Feiliya,"0,70-0,81 $US","Shilin Hualai Preserved Flowers Co., Ltd.","6 Ans
CN Fournisseur",N/A,N/A,N/A,N/A
Blé de haute qualité/grain de blé/blé d'Ukraine à vendre/orge,"250,00-350,00 $US",Sarl Marcoline,"1 an
FR Fournisseur",N/A,N/A,N/A,https://s.alicdn.com/@sc04/kf/A39a5617670b44940afc2e6e16bcf7404A.jpg_300x300.jpg
Blé de haute qualité/grain de blé/blé d'Ukraine à vendre/orge,"250,00-350,00 $US",Sarl Marcoline,"1 an
FR Fournisseur",N/A,N/A,N/A,N/A
Vente en gros d'usine sans additifs 100% poudre d'herbe de blé biologique naturelle pure,"9,00 $US","Yu Lok Biotech Co., Ltd.","2 Ans
CN Fournisseur",N/A,N/A,N/A,https://s.alicdn.com/@sc04/kf/H3b13440be69145d6bf89fdc54688c928R.jpg_300x300.jpg
Vente en gros d'usine sans additifs 100% poudre d'herbe de blé biologique naturelle pure,"9,00 $US","Yu Lok Biotech Co., Ltd.","2 Ans
CN Fournisseur",N/A,N/A,N/A,N/A
"Riche en protéines de haute qualité, Grain de blé, vente chaude, Grain de sarrasin rôti","1,00 $US","Hebei Lianshun Agricultural Development Co., Ltd.","3 Ans
CN Fournisseur",N/A,N/A,N/A,https://s.alicdn.com/@sc04/kf/H005080711df64edea2587082f6bbdc8fG.jpg_300x300.jpg
"Riche en protéines de haute qualité, Grain de blé, vente chaude, Grain de sarrasin rôti","1,00 $US","Hebei Lianshun Agricultural Development Co., Ltd.","3 Ans
CN Fournisseur",N/A,N/A,N/A,N/A
Farine blanche de blé bon marché pour la farine de blé tout usage dans des sacs de 25kg 50kg à vendre,"100,00-150,00 $US","J BLUE TOKYO CO., LTD.","3 Ans
TH Fournisseur",N/A,N/A,N/A,https://s.alicdn.com/@sc04/kf/A6f4090d9fedb4b3fbb3bdb9464ab3170I.jpg_300x300.jpg
Farine blanche de blé bon marché pour la farine de blé tout usage dans des sacs de 25kg 50kg à vendre,"100,00-150,00 $US","J BLUE TOKYO CO., LTD.","3 Ans
TH Fournisseur",N/A,N/A,N/A,N/A
Offres Spéciales Goût délicieux Grains de blé tendre et dur de haute qualité/Qualité supérieure,"150,00-200,00 $US",F & P Vertriebs GmbH,"2 Ans
AT Fournisseur",N/A,N/A,N/A,https://s.alicdn.com/@sc04/kf/A2dd722e0c005469099399bb709de1be1X.jpg_300x300.jpg
Offres Spéciales Goût délicieux Grains de blé tendre et dur de haute qualité/Qualité supérieure,"150,00-200,00 $US",F & P Vertriebs GmbH,"2 Ans
AT Fournisseur",N/A,N/A,N/A,N/A
Approvisionnement d'usine de qualité alimentaire Protéine de blé hydrolysée 78% protéines Poudre de protéine de blé hydrolysée,"9,00 $US","Shaanxi Sciencarin Bio-Tech Co., Ltd.","6 Ans
CN Fournisseur",N/A,N/A,N/A,https://s.alicdn.com/@sc04/kf/H01c658db48d84f2e9080ff239932d9b31.jpg_300x300.jpg
Approvisionnement d'usine de qualité alimentaire Protéine de blé hydrolysée 78% protéines Poudre de protéine de blé hydrolysée,"9,00 $US","Shaanxi Sciencarin Bio-Tech Co., Ltd.","6 Ans
CN Fournisseur",N/A,N/A,N/A,N/A
